ProductTitle,Title,Description,UseArea,Usage,Drastic Ingredient,SkinType,Αμπούλες,Booster,Derma,Volume,Vegan,Cruelty-free,Image_URL
Clinea Hyaluronic Waterbomb Face Booster 30ml,"

    Clinea Hyaluronic Waterbomb Καταπραϋντικό & Αντιγηραντικό Booster Προσώπου με Υαλουρονικό Οξύ για Αναζωογόνηση 30ml

  ",Αυτό είναι ένα συμπυκνωμένο ενυδατικό booster που ξεδιψά και αναζωογονεί την επιδερμίδα. 98% συστατικά φυσικής προέλευσης.,"
          Περιοχή Χρήσης
          Πρόσωπο
        ","
          Δράση
          Ενυδάτωση, Καταπράυνση, Αναζωογόνηση, Αντιγήρανση
        ","
          Δραστικό Συστατικό
          Υαλουρονικό Οξύ
        ","
          Τύπος Επιδερμίδας
          Όλοι οι Τύποι
        ","
          Αμπούλες
          Όχι
        ","
          Booster
          Ναι","
          Δερμοκαλλυντικό
          Ναι","
          Όγκος
          30 ml
        ","
          Vegan
          Ναι","
          Cruelty-free
          Ναι
        ",https://b.scdn.gr/images/sku_main_images/040897/40897837/xlarge_20230316123754_clinea_hyaluronic_waterbomb_enydatiko_serum_prosopou_me_yalouroniko_oxy_30ml.jpeg
Beauty of Joseon Revive Ginseng & Retinal Eye Serum 30ml,"

    Beauty of Joseon Revive Ginseng & Retinal Ενυδατικό & Αντιγηραντικό Serum Ματιών με Ρετινάλη & Νιασιναμίδη για Αναζωογόνηση 30ml

  ","Ορός ματιών με αντιγηραντική δράση της Beauty of Joseon (Korean Skincare), που έχει σχεδιαστεί για να μετριάζει τις ρυτίδες γύρω από τα μάτια, συνδυάζοντας εκχύλισμα ginseng και ρετινάλη.","
          Περιοχή Χρήσης
          Μάτια
        ","
          Δράση
          Αντιγήρανση, Αναζωογόνηση, Ενυδάτωση
        ","
          Δραστικό Συστατικό
          Νιασιναμίδη, Ρετινάλη
        ","
          Τύπος Επιδερμίδας
          Όλοι οι Τύποι
        ","
          Αμπούλες
          Όχι
        ","
          Booster
          Όχι","
          Δερμοκαλλυντικό
          Όχι","
          Όγκος
          30 ml
        ","
          Vegan
          Ναι","
          Cruelty-free
          Ναι
        ",https://b.scdn.gr/images/sku_main_images/039248/39248946/xlarge_20230822163501_beauty_of_joseon_revive_inseng_retinal_antigirantiko_serum_mation_30ml.jpeg
Celimax The Vita-A Retinal Shot Tightening Face Booster 15ml,"

    Celimax The Vita-A Retinal Shot Tightening Ενυδατικό & Αντιγηραντικό Booster Προσώπου με Ρετινάλη για Σύσφιξη & Θρέψη 15ml

  ","Ο Celimax The Vita-A Retinal Shot Tightening Booster είναι ένας ορός προσώπου 15 ml που περιέχει ρετινάλη. Σχεδιάστηκε για να συμβάλλει στη σύσφιξη της επιδερμίδας και στη βελτίωση της υφής της, μειώνοντας την εμφάνιση λεπτών γραμμών και ρυτίδων. Η ρετινόλη, μια μορφή βιταμίνης Α, είναι γνωστή για τις ιδιότητές της στην ανανέωση των κυττάρων του δέρματος.","
          Περιοχή Χρήσης
          Πρόσωπο
        ","
          Δράση
          Σύσφιξη, Αντιγήρανση, Ενυδάτωση, Θρέψη
        ","
          Δραστικό Συστατικό
          Ρετινάλη
        ","
          Τύπος Επιδερμίδας
          Όλοι οι Τύποι, Ευαίσθητη
        ","
          Αμπούλες
          Όχι
        ","
          Booster
          Ναι","
          Δερμοκαλλυντικό
          Όχι","
          Όγκος
          15 ml
        ","
          Vegan
          Όχι","
          Cruelty-free
          Όχι
        ",https://c.scdn.gr/images/sku_main_images/060527/60527403/xlarge_20250521163510_celimax_the_vita_a_retinal_shot_tightening_booster_prosopou_me_retinali_retinoli_gia_sysfixi_15ml.jpeg
Beauty of Joseon Propolis + Niacinamide Face Essence 30ml,"

    Beauty of Joseon Propolis + Niacinamide Καταπραϋντικό & Ενυδατικό Essence Προσώπου με Centella Asiatica & Νιασιναμίδη για Λάμψη 30ml

  ",Ορός προσώπου Propolis + Niacinamide της κορεάτικης εταιρίας Beauty of Joseon (Korean beauty). Η πρόπολη και η νιασιναμίδη καταπραΰνουν τη φλεγμονή και προσδίδουν στην επιδερμίδα όμορφη λάμψη.,"
          Περιοχή Χρήσης
          Πρόσωπο
        ","
          Δράση
          Λάμψη, Ενυδάτωση, Καταπράυνση
        ","
          Δραστικό Συστατικό
          Νιασιναμίδη, Centella Asiatica
        ","
          Τύπος Επιδερμίδας
          Όλοι οι Τύποι
        ","
          Αμπούλες
          Όχι
        ","
          Booster
          Όχι","
          Δερμοκαλλυντικό
          Όχι","
          Όγκος
          30 ml
        ","
          Vegan
          Όχι","
          Cruelty-free
          Ναι
        ",https://d.scdn.gr/images/sku_main_images/031947/31947514/xlarge_20221020133727_beauty_of_joseon_propolis_niacinamide_serum_prosopou_30ml.jpeg
La Roche Posay Effaclar Ultra Concentrated Face Serum 30ml,"

    La Roche Posay Effaclar Ultra Concentrated Serum Προσώπου με AHA & Σαλικυλικό Οξύ για Ακμή & Ατέλειες 30ml

  ","Ορός υψηλής συγκέντρωσης Effaclar Serum για βέλτιστη αποτελεσματικότητα στη μείωση των ατελειών, χάρη σε ένα σύμπλοκο τριών οξέων σε υψηλή συγκέντρωση. Καθημερινή απολέπιση, για βελτίωση της υφής του δέρματος από το 1ο πρωί. Σύνθεση που δεν προκαλεί ατέλειες, δηλαδή δε φράζει τους πόρους.","
          Περιοχή Χρήσης
          Πρόσωπο
        ","
          Δράση
          Ακμή, Ατέλειες
        ","
          Δραστικό Συστατικό
          Σαλικυλικό Οξύ, AHA
        ","
          Τύπος Επιδερμίδας
          Ακνεϊκή
        ","
          Αμπούλες
          Όχι
        ","
          Booster
          Όχι","
          Δερμοκαλλυντικό
          Ναι","
          Όγκος
          30 ml
        ","
          Vegan
          Όχι","
          Cruelty-free
          Όχι
        ",https://c.scdn.gr/images/sku_main_images/024707/24707855/xlarge_20260313114947_la_roche_posay_effaclar_ultra_concentrated_serum_prosopou_me_aha_salikyliko_oxy_gia_akmi_ateleies_30ml.jpeg
La Roche Posay Retinol B3 Face Serum 30ml,"

    La Roche Posay Retinol B3 Αντιγηραντικό Serum Προσώπου με Ρετινόλη & Νιασιναμίδη 30ml

  ","Αντιρυτιδικός ορός αναδόμησης & ανάπλασης, ακόμα και για το ευαίσθητο δέρμα. Διορθώνει τις βαθιές ρυτίδες, τις λεπτές γραμμές και τον ανομοιόμορφο τόνο της επιδερμίδας.","
          Περιοχή Χρήσης
          Πρόσωπο
        ","
          Δράση
          Αντιγήρανση, Λείανση
        ","
          Δραστικό Συστατικό
          Ρετινόλη, Νιασιναμίδη
        ","
          Τύπος Επιδερμίδας
          Ευαίσθητη
        ","
          Αμπούλες
          Όχι
        ","
          Booster
          Όχι","
          Δερμοκαλλυντικό
          Ναι","
          Όγκος
          30 ml
        ","
          Vegan
          Όχι","
          Cruelty-free
          Όχι
        ",https://b.scdn.gr/images/sku_main_images/023595/23595928/xlarge_20260313114944_la_roche_posay_retinol_b3_antigirantiko_serum_prosopou_me_retinoli_niasinamidi_30ml.jpeg
Vichy Liftactiv Specialist B3 Face Serum 30ml,"

    Vichy Liftactiv Specialist B3 Αντιγηραντικό Serum Προσώπου με Νιασιναμίδη για Lifting & Πανάδες 30ml

  ",,"
          Περιοχή Χρήσης
          Πρόσωπο
        ","
          Δράση
          Αντιγήρανση, Πανάδες, Λεύκανση, Lifting
        ","
          Δραστικό Συστατικό
          Νιασιναμίδη
        ","
          Τύπος Επιδερμίδας
          Όλοι οι Τύποι
        ","
          Αμπούλες
          Όχι
        ","
          Booster
          Όχι","
          Δερμοκαλλυντικό
          Ναι","
          Όγκος
          30 ml
        ","
          Vegan
          Όχι","
          Cruelty-free
          Όχι
        ",https://d.scdn.gr/images/sku_main_images/033358/33358691/xlarge_20260313115010_vichy_liftactiv_specialist_b3_antigirantiko_serum_prosopou_me_niasinamidi_gia_lifting_panades_30ml.jpeg
Haruharu Wonder Black Rice Probiotics Barrier Face Essence 120ml,"

    Haruharu Wonder Black Rice Probiotics Barrier Καταπραϋντικό & Ενυδατικό Essence Προσώπου για Αποτοξίνωση & Σύσφιξη 120ml

  ","Το Haruharu Wonder Black Rice Probiotics Barrier Essence είναι ένας ορός προσώπου που στοχεύει στη σύσφιξη και ενίσχυση του όγκου της επιδερμίδας. Περιέχει σύμπλεγμα 5 Ceramide Complex και 5 Fatty Acids Complex, τα οποία συμβάλλουν στην αναπλήρωση του δερματικού φραγμού, προσφέροντας μια ενυδατωμένη και λεία επιδερμίδα χωρίς αίσθηση κολλώδους.","
          Περιοχή Χρήσης
          Πρόσωπο
        ","
          Δράση
          Σύσφιξη, Αναζωογόνηση, Αποτοξίνωση, Ενυδάτωση, Καταπράυνση
        ","
          Τύπος Επιδερμίδας
          Όλοι οι Τύποι
        ","
          Αμπούλες
          Όχι
        ","
          Booster
          Όχι
            
  
  
    
  




              
  
    
        Booster
      
        
      
    

      
        
  
    Ορός με συμπυκνωμένη σύνθεση που στοχεύει στην ενίσχυση της λειτουργίας του επιδερμιδικού φραγμού, με ένα βασικό συστατικό σε υψηλή συγκέντρωση.
  

      



        ","
          Δερμοκαλλυντι",,"
          Όγκος
          120 ml
        ","
          Vegan
          Όχι","
          Cruelty-free
          Όχι
        ",https://c.scdn.gr/images/sku_main_images/057629/57629227/xlarge_20241125121437_haruharu_wonder_black_rice_probiotics_barrier_essence_prosopou_gia_sysfixi_120ml.jpeg
Axis-y Dark Spot Correcting Glow Face Serum,"

    Axis-y Dark Spot Correcting Glow Ενυδατικό Serum Προσώπου με Νιασιναμίδη για Λάμψη & Πανάδες 50ml

  ","Ένας ορός με βάση τη νιασιναμίδη 5% που διορθώνει τις σκούρες κηλίδες και βελτιώνει τον ανομοιόμορφο τόνο του δέρματος. Με τη βοήθεια της σκουαλάνης - φυτικής προέλευσης, αυτός ο ορός διατηρεί την υγρασία για να διατηρεί το δέρμα σας λαμπερό και υγιές όπου κι αν πάτε.","
          Περιοχή Χρήσης
          Πρόσωπο
        ","
          Δράση
          Λάμψη, Ενυδάτωση, Πανάδες
        ","
          Δραστικό Συστατικό
          Νιασιναμίδη
        ","
          Αμπούλες
          Όχι
        ","
          Booster
          Όχι
            
  
  
    
  




              
  
    
        Booster
      
        
      
    

      
        
  
    Ορός με συμπυκνωμένη σύνθεση που στοχεύει στην ενίσχυση της λειτουργίας του επιδερμιδικού φραγμού, με ένα βασικό συστατικό σε υψηλή συγκέντρωση.
  

      



        ","
          Δερμοκαλλυντι",,"
          Όγκος
          50 ml
        ","
          Vegan
          Ναι","
          Cruelty-free
          Ναι
        ",https://d.scdn.gr/images/sku_main_images/045729/45729180/xlarge_20230911165441_axis_y_serum_prosopou_gia_lampsi_panades_50ml.jpeg
Cosrx The 6 Peptide Face Essence,"

    Cosrx The 6 Peptide Καταπραϋντικό & Αντιγηραντικό Essence Προσώπου με Πεπτίδια για Λάμψη & Σύσφιξη 150ml

  ",To Cosrx The 6 peptide skin booster serum είναι ένας πολύ λεπτόρρευστος ενυδατικός ορός με 6 ισχυρά πεπτίδια που ενισχύει τη συνολική κατάσταση του δέρματος και λειτουργεί ως πρώτος ορός για να προετοιμάσει και να ενισχύσει την δράση των συμπυκνωμένων στοιχείων που θα ακολουθήσουν. Έξι πεπτίδια που αποκαθιστούν και αντιμετωπίζουν πολλαπλά...,"
          Περιοχή Χρήσης
          Πρόσωπο
        ","
          Δράση
          Λεύκανση, Αντιγήρανση, Ενυδάτωση, Αναζωογόνηση, Λείανση, Σύσφιξη, Λάμψη, Καταπράυνση
        ","
          Δραστικό Συστατικό
          Πεπτίδια
        ","
          Τύπος Επιδερμίδας
          Ευαίσθητη
        ","
          Αμπούλες
          Όχι
        ","
          Booster
          Ναι","
          Δερμοκαλλυντικό
          Όχι","
          Όγκος
          150 ml
        ","
          Vegan
          Όχι","
          Cruelty-free
          Όχι
        ",https://c.scdn.gr/images/sku_main_images/048434/48434942/xlarge_20240130090755_cosrx_booster_prosopou_150ml.jpeg
Cerion Hyserum Face Serum 30ml,"

    Cerion Hyserum Αντιγηραντικό Serum Προσώπου με Υαλουρονικό Οξύ για Lifting 30ml

  ","O Cerion HY Serum Serum Hyaluronic Acid είναι ένας συμπυκνωμένος αντιγηραντικός ορός προσώπου για άμεση τόνωση και αποκατάσταση της επιδερμίδας. Διαθέτει εξαιρετικά αυξημένο ποσοστό Υαλουρονικού οξέος (56%) για μοναδικά αποτελέσματα σύσφιξης, ανόρθωσης και αναζωογόνησης. Αποτελεί μία σύνθεση κατάλληλη και για την ανδρική επιδερμίδα, ειδικά μετά το ξύρισμα.","
          Περιοχή Χρήσης
          Πρόσωπο
        ","
          Δράση
          Αντιγήρανση, Lifting
        ","
          Δραστικό Συστατικό
          Υαλουρονικό Οξύ
        ","
          Τύπος Επιδερμίδας
          Αφυδατωμένη
        ","
          Αμπούλες
          Όχι
        ","
          Booster
          Όχι","
          Δερμοκαλλυντικό
          Όχι","
          Όγκος
          30 ml
        ","
          Vegan
          Όχι","
          Cruelty-free
          Όχι
        ",https://b.scdn.gr/images/sku_main_images/031741/31741677/xlarge_20230105154508_cerion_hyserum_serum_prosopou_30ml.jpeg
Skin1004 Madagascar Centella Probio-Cica Intensive Face Serum,"

    Skin1004 Madagascar Centella Probio-Cica Intensive Ενυδατικό Serum Προσώπου με Centella Asiatica για Σύσφιξη 50ml

  ","Το Skin1004 Madagascar Centella Probio-Cica Intensive Ενυδατικό Serum Προσώπου είναι ένα εντατικό προϊόν περιποίησης που έχει σχεδιαστεί για να προσφέρει βαθιά ενυδάτωση και να συμβάλει στη σύσφιξη της επιδερμίδας. Περιέχει εκχύλισμα Centella Asiatica από τη Μαδαγασκάρη, γνωστό για τις καταπραϋντικές και αναπλαστικές του ιδιότητες. Η σύνθεσή του με το...","
          Περιοχή Χρήσης
          Πρόσωπο
        ","
          Δράση
          Ενυδάτωση, Σύσφιξη
        ","
          Δραστικό Συστατικό
          Centella Asiatica
        ","
          Τύπος Επιδερμίδας
          Ξηρή, Κανονική, Μικτή
        ","
          Αμπούλες
          Όχι
        ","
          Booster
          Όχι","
          Δερμοκαλλυντικό
          Όχι","
          Όγκος
          50 ml
        ","
          Vegan
          Ναι","
          Cruelty-free
          Ναι
        ",https://d.scdn.gr/images/sku_main_images/057994/57994587/xlarge_20241216120940_skin1004_madagascar_centella_probio_cica_intensive_kataprayntiko_enydatiko_serum_prosopou_me_niasinamidi_50ml.jpeg
Vichy Mineral 89 Probiotic Fractions Face Booster 30ml,"

    Vichy Mineral 89 Probiotic Fractions Ενυδατικό & Αντιγηραντικό Booster Προσώπου με Νιασιναμίδη & Υαλουρονικό Οξύ για Αποτοξίνωση & Θρέψη 30ml

  ","Booster ανάπλασης, το οποίο είναι εμπλουτισμένο με Κλάσματα Προβιοτικών, καθώς και με αντιοξειδωτικές βιταμίνες όπως η Νιασιναμίδη, για να επανορθώνει ορατά την υγιή όψη της επιδερμίδας.","
          Περιοχή Χρήσης
          Πρόσωπο
        ","
          Δράση
          Αποτοξίνωση, Ενδυνάμωση, Ενυδάτωση, Θρέψη, Αντιγήρανση
        ","
          Δραστικό Συστατικό
          Υαλουρονικό Οξύ, Νιασιναμίδη
        ","
          Αμπούλες
          Όχι
        ","
          Booster
          Ναι
            
  
  
    
  




              
  
    
        Booster
      
        
      
    

      
        
  
    Ορός με συμπυκνωμένη σύνθεση που στοχεύει στην ενίσχυση της λειτουργίας του επιδερμιδικού φραγμού, με ένα βασικό συστατικό σε υψηλή συγκέντρωση.
  

      



        ","
          Δερμοκαλλυντι",,"
          Όγκος
          30 ml
        ","
          Vegan
          Όχι","
          Cruelty-free
          Όχι
        ",https://c.scdn.gr/images/sku_main_images/028821/28821744/xlarge_20260313115002_vichy_mineral_89_probiotic_fractions_enydatiko_antigirantiko_booster_prosopou_me_niasinamidi_yalouroniko_oxy_gia_apotoxinosi_threpsi_30ml.jpeg
Vt Cosmetics Reedle Shot 300 50ml Εντατικός Ενισχυτής Ενδυνάμωσης,"

    Vt Cosmetics Reedle Shot 300 50ml Εντατικός Ενισχυτής Ενδυνάμωσης

  ",Serum περιποίησης δέρματος που μεταμορφώνει τη ρουτίνα περιποίησης της επιδερμίδας. Χρησιμοποιεί συστατικά με προηγμένη τεχνολογία microneedle που διεγείρουν απαλά το δέρμα για να παρέχουν καλύτερη απορρόφηση και μεγαλύτερη αποτελεσματικότητα στα βαθύτερα στρώματα του δέρματος.,"
          Περιοχή Χρήσης
          Πρόσωπο
        ","
          Δράση
          Αντιγήρανση
        ","
          Δραστικό Συστατικό
          Υαλουρονικό Οξύ, Centella Asiatica
        ","
          Τύπος Επιδερμίδας
          Ευαίσθητη
        ","
          Αμπούλες
          Όχι
        ","
          Booster
          Όχι","
          Δερμοκαλλυντικό
          Όχι","
          Όγκος
          50 ml
        ","
          Vegan
          Όχι","
          Cruelty-free
          Όχι
        ",https://b.scdn.gr/images/sku_main_images/055768/55768062/xlarge_20240905145319_vt_cosmetics_reedle_shot_300_50ml_entatikos_enischytis_endynamosis.jpeg
Vichy Liftactiv Collagen Specialist 16 Face Serum 30ml,"

    Vichy Liftactiv Collagen Specialist 16 Ενυδατικό & Αντιγηραντικό Serum Προσώπου με Νιασιναμίδη & Πεπτίδια για Λάμψη & Σύσφιξη 30ml

  ","Ο ορός Liftactiv Collagen Specialist 16 Bonding αξιοποιεί την προηγμένη Τεχνολογία Co-Bonding για να ενισχύσει και να συνδέσει μεταξύ τους, τους διαφορετικούς τύπους κολλαγόνου, προσφέροντας σφριγηλή, λεία και αναζωογονημένη επιδερμίδα.","
          Περιοχή Χρήσης
          Πρόσωπο
        ","
          Δράση
          Αντιγήρανση, Ενδυνάμωση, Ενυδάτωση, Λάμψη, Σύσφιξη, Λείανση, Αναζωογόνηση
        ","
          Δραστικό Συστατικό
          Πεπτίδια, Νιασιναμίδη
        ","
          Τύπος Επιδερμίδας
          Όλοι οι Τύποι, Ευαίσθητη
        ","
          Αμπούλες
          Όχι
        ","
          Booster
          Όχι","
          Δερμοκαλλυντικό
          Ναι","
          Όγκος
          30 ml
        ","
          Vegan
          Όχι","
          Cruelty-free
          Όχι
        ",https://c.scdn.gr/images/sku_main_images/058322/58322572/xlarge_20260313115109_vichy_liftactiv_collagen_specialist_16_enydatiko_antigirantiko_serum_prosopou_me_niasinamidi_peptidia_gia_lampsi_sysfixi_30ml.jpeg
Beauty of Joseon Calming Face Serum 30ml,"

    Beauty of Joseon Calming Καταπραϋντικό & Ενυδατικό Serum Προσώπου με Green Tea & Panthenol για Αποτοξίνωση 30ml

  ",Αυτός ο ορός είναι σχεδιασμένος για να ανακουφίσει την ταλαιπωρία του δέρματος που προκαλείται από την έκθεση στην υπεριώδη ακτινοβολία και άλλους εξωτερικούς παράγοντες στρες.,"
          Περιοχή Χρήσης
          Πρόσωπο
        ","
          Δράση
          Αποτοξίνωση, Ενυδάτωση, Καταπράυνση
        ","
          Δραστικό Συστατικό
          Βιταμίνη B5
        ","
          Τύπος Επιδερμίδας
          Ευαίσθητη, Όλοι οι Τύποι
        ","
          Αμπούλες
          Όχι
        ","
          Booster
          Όχι","
          Δερμοκαλλυντικό
          Όχι","
          Όγκος
          30 ml
        ","
          Vegan
          Ναι","
          Cruelty-free
          Όχι
        ",https://d.scdn.gr/images/sku_main_images/031947/31947510/xlarge_20220322163950_beauty_of_joseon_green_tea_panthenol_serum_prosopou_30ml.jpeg
Vichy Liftactiv Retinol Specialist A+ Deep Wrinkles Face Serum 30ml,"

    Vichy Liftactiv Retinol Specialist A+ Deep Wrinkles Αντιγηραντικό Serum Προσώπου με Ρετινόλη για Λάμψη & Lifting 30ml

  ","Ο Vichy Liftactiv Retinol Specialist A+ Deep Wrinkles Serum είναι ένας καινοτόμος ορός με 0.2% καθαρή ρετινόλη, ενισχυμένος με κλάσματα προβιοτικών και βιοπεπτίδια για εντατική αντιγηραντική δράση.","
          Περιοχή Χρήσης
          Πρόσωπο
        ","
          Δράση
          Αντιγήρανση, Λείανση, Σύσφιξη, Λάμψη, Lifting
        ","
          Δραστικό Συστατικό
          Ρετινόλη
        ","
          Τύπος Επιδερμίδας
          Όλοι οι Τύποι
        ","
          Αμπούλες
          Όχι
        ","
          Booster
          Όχι","
          Δερμοκαλλυντικό
          Ναι","
          Όγκος
          30 ml
        ","
          Vegan
          Όχι","
          Cruelty-free
          Όχι
        ",https://a.scdn.gr/images/sku_main_images/038940/38940984/xlarge_20260313115027_vichy_liftactiv_retinol_specialist_a_deep_wrinkles_antigirantiko_serum_prosopou_me_retinoli_gia_lampsi_lifting_30ml.jpeg
Essence Face Essence 140ml,"

    Essence Ενυδατικό Essence Προσώπου με Centella Asiatica & Υαλουρονικό Οξύ 140ml

  ","Το Mary & May Vegan Blackberry Complex Cream Essence είναι ένα διφασικό essence που προσφέρει τα οφέλη μιας θρεπτικής κρέμας με το αναζωογονητικό αποτέλεσμα ενός essence. Χρησιμοποιεί την αποκλειστική τεχνολογία Double Phase Emulsion της MARY & MAY για γρήγορη απορρόφηση στο δέρμα. Η πλούσια κρέμα διαλύεται στο ενυδατικό essence, σταθεροποιώντας όλα τα...","
          Περιοχή Χρήσης
          Πρόσωπο
        ","
          Δράση
          Ενυδάτωση
        ","
          Δραστικό Συστατικό
          Υαλουρονικό Οξύ, Centella Asiatica
        ","
          Τύπος Επιδερμίδας
          Όλοι οι Τύποι
        ","
          Αμπούλες
          Όχι
        ","
          Booster
          Όχι","
          Δερμοκαλλυντικό
          Όχι","
          Όγκος
          140 ml
        ","
          Vegan
          Ναι","
          Cruelty-free
          Όχι
        ",https://b.scdn.gr/images/sku_main_images/048780/48780890/xlarge_20240916100528_essence_enydatiki_krema_prosopou_140ml.jpeg
La Roche Posay Pure Vitamin C12 Face Serum 30ml,"

    La Roche Posay Pure Vitamin C12 Αντιγηραντικό Serum Προσώπου με Βιταμίνη C & Σαλικυλικό Οξύ για Αποτοξίνωση & Λάμψη 30ml

  ","Το PURE VITAMIN C12 Serum είναι ένας ισχυρός αντιρυτιδικός και αντιοξειδωτικός ορός με 12% καθαρή βιταμίνη C, σχεδιασμένος να επαναφέρει τη λάμψη και να βελτιώνει την ομοιομορφία του δέρματος. Με κλινικά αποδεδειγμένη αποτελεσματικότητα, μειώνει τις ρυτίδες, λειαίνει την υφή και χαρίζει πιο νεανική, φωτεινή επιδερμίδα.","
          Περιοχή Χρήσης
          Πρόσωπο
        ","
          Δράση
          Αντιγήρανση, Λάμψη, Αποτοξίνωση, Λείανση, Αναζωογόνηση
        ","
          Δραστικό Συστατικό
          Βιταμίνη C, Σαλικυλικό Οξύ
        ","
          Τύπος Επιδερμίδας
          Όλοι οι Τύποι, Ευαίσθητη
        ","
          Αμπούλες
          Όχι
        ","
          Booster
          Όχι","
          Δερμοκαλλυντικό
          Ναι","
          Όγκος
          30 ml
        ","
          Vegan
          Όχι","
          Cruelty-free
          Όχι
        ",https://b.scdn.gr/images/sku_main_images/056742/56742327/xlarge_20260313115055_la_roche_posay_pure_vitamin_c12_antigirantiko_serum_prosopou_me_vitamini_c_salikyliko_oxy_gia_apotoxinosi_lampsi_30ml.jpeg
Geek & Gorogeous Face Serum 30ml,"

    Geek & Gorogeous Αντιγηραντικό Serum Προσώπου με Πεπτίδια για Λάμψη & Θρέψη 30ml

  ","Ο ορός Power Peptides περιέχει τέσσερις τεχνολογίες πεπτιδίων σε κλινικά αποδεδειγμένα ποσοστά. Συνεργάζονται για να συσφίξουν το δέρμα, αυξάνοντας την σφριγηλότητα και την ελαστικότητα της επιδερμίδας, συμβάλλοντας στη μείωση των ρυτίδων και παρέχοντας ισχυρή αντιγήρανση μέσω της ενεργοποίησης παραγωγής κολλαγόνου. Αξιοσημείωτη είναι η μεταξένια,...","
          Περιοχή Χρήσης
          Πρόσωπο
        ","
          Δράση
          Αντιγήρανση, Λάμψη, Λείανση, Θρέψη
        ","
          Δραστικό Συστατικό
          Πεπτίδια
        ","
          Τύπος Επιδερμίδας
          Όλοι οι Τύποι
        ","
          Αμπούλες
          Όχι
        ","
          Booster
          Όχι","
          Δερμοκαλλυντικό
          Όχι","
          Όγκος
          30 ml
        ","
          Vegan
          Ναι","
          Cruelty-free
          Ναι
        ",https://d.scdn.gr/images/sku_main_images/055765/55765414/xlarge_20240905134122_geek_gorogeous_antigirantiko_serum_prosopou_me_kollagono_gia_lampsi_30ml.jpeg
Cosrx Advanced Snail 96 Face Essence 100ml,"

    Cosrx Advanced Snail 96 Ενυδατικό & Αντιγηραντικό Essence Προσώπου με Έκκριμα Σαλιγκαριού για Λάμψη & Λεύκανση 100ml

  ",,"
          Περιοχή Χρήσης
          Πρόσωπο
        ","
          Δράση
          Αντιγήρανση, Ενυδάτωση, Λάμψη, Λείανση, Λεύκανση
        ","
          Δραστικό Συστατικό
          Έκκριμα σαλιγκαριού
        ","
          Τύπος Επιδερμίδας
          Όλοι οι Τύποι, Ευαίσθητη
        ","
          Αμπούλες
          Όχι
        ","
          Booster
          Όχι","
          Δερμοκαλλυντικό
          Όχι","
          Όγκος
          100 ml
        ","
          Vegan
          Όχι","
          Cruelty-free
          Ναι
        ",https://d.scdn.gr/images/sku_main_images/020012/20012974/xlarge_20230127110916_cosrx_advanced_snail_96_enydatiko_serum_prosopou_100ml.jpeg
VT Cosmetics Reedle Shot 100 Face Essence 50ml,"

    VT Cosmetics Reedle Shot 100 Αντιγηραντικό Essence Προσώπου με Centella Asiatica & Νιασιναμίδη 50ml

  ","Το VT Reedle Shot 100 είναι ένα essence προσώπου με τεχνολογία μικροβελόνων (microneedle) που προσφέρει ισχυρά ενεργά συστατικά για τη λείανση και ανανέωση της επιδερμίδας. Μειώνει την εμφάνιση των πόρων και ενισχύει τη δράση των συστατικών, συμβάλλοντας σε ένα υγιές και αψεγάδιαστο δέρμα. Η τεχνολογία Cica Reedle χρησιμοποιεί μικροσωματιδιακά συστατικά...","
          Περιοχή Χρήσης
          Πρόσωπο
        ","
          Δράση
          Αντιγήρανση
        ","
          Δραστικό Συστατικό
          Υαλουρονικό Οξύ, Νιασιναμίδη, Centella Asiatica
        ","
          Τύπος Επιδερμίδας
          Όλοι οι Τύποι
        ","
          Αμπούλες
          Όχι
        ","
          Booster
          Ναι","
          Δερμοκαλλυντικό
          Όχι","
          Όγκος
          50 ml
        ","
          Vegan
          Όχι","
          Cruelty-free
          Όχι
        ",https://a.scdn.gr/images/sku_main_images/055718/55718240/xlarge_20240903104715_vt_cosmetics_enydatiko_antigirantiko_essence_prosopou_me_yalouroniko_oxy_gia_leykansi_akmi_50ml.jpeg
Skin1004 Madagascar Centella Tone Brightening Capsule Ampoule Face Essence,"

    Skin1004 Madagascar Centella Tone Brightening Capsule Ampoule Καταπραϋντικό & Ενυδατικό Serum Προσώπου με Centella Asiatica & Νιασιναμίδη για Πανάδες 50ml

  ","Το Skin1004 Madagascar Centella Serum συνδυάζει την εντατική ενυδάτωση με στοχευμένη δράση για σύσφιξη και λάμψη. Εμπλουτισμένο με εκχύλισμα Centella Asiatica από τη Μαδαγασκάρη και προβιοτικά, αυτός ο ορός βοηθά στην καταπράυνση του δέρματος, ενισχύει τον επιδερμικό φραγμό και συμβάλλει στη βελτίωση της ελαστικότητας. Παράλληλα, η προσθήκη Νιασιναμίδης...","
          Περιοχή Χρήσης
          Πρόσωπο
        ","
          Δράση
          Ενυδάτωση, Καταπράυνση, Πανάδες
        ","
          Δραστικό Συστατικό
          Νιασιναμίδη, Centella Asiatica
        ","
          Τύπος Επιδερμίδας
          Ευαίσθητη, Κανονική, Μικτή
        ","
          Αμπούλες
          Όχι
        ","
          Booster
          Όχι","
          Δερμοκαλλυντικό
          Όχι","
          Όγκος
          50 ml
        ","
          Vegan
          Ναι","
          Cruelty-free
          Ναι
        ",https://a.scdn.gr/images/sku_main_images/058116/58116400/xlarge_20241224144556_skin1004_madagascar_centella_tone_enydatiko_serum_prosopou_me_niasinamidi_gia_lampsi_50ml.jpeg
Vichy Liftactiv H.A Epidermic Filler Face Serum 30ml,"

    Vichy Liftactiv H.A Epidermic Filler Ενυδατικό & Αντιγηραντικό Serum Προσώπου με Βιταμίνη C & Υαλουρονικό Οξύ για Lifting 30ml

  ",Ο Liftactiv Hyaluronic Specialist H.A. Epidermic Filler είναι ένας καινοτόμος αντιγηραντικός ορός που στοχεύει σε πρώτες ρυτίδες και λεπτές γραμμές που προκαλούνται από την έλλειψη σφριγηλότητας στο πρόσωπο και στην περιοχή των ματιών.,"
          Περιοχή Χρήσης
          Πρόσωπο
        ","
          Δράση
          Αντιγήρανση, Ενυδάτωση, Lifting
        ","
          Δραστικό Συστατικό
          Υαλουρονικό Οξύ, Βιταμίνη C
        ","
          Αμπούλες
          Όχι
        ","
          Booster
          Όχι
            
  
  
    
  




              
  
    
        Booster
      
        
      
    

      
        
  
    Ορός με συμπυκνωμένη σύνθεση που στοχεύει στην ενίσχυση της λειτουργίας του επιδερμιδικού φραγμού, με ένα βασικό συστατικό σε υψηλή συγκέντρωση.
  

      



        ","
          Δερμοκαλλυντι",,"
          Όγκος
          30 ml
        ","
          Vegan
          Όχι","
          Cruelty-free
          Όχι
        ",https://a.scdn.gr/images/sku_main_images/024825/24825221/xlarge_20260313114951_vichy_liftactiv_h_a_epidermic_filler_enydatiko_antigirantiko_serum_prosopou_me_vitamini_c_yalouroniko_oxy_gia_lifting_30ml.jpeg
Clinea AHA-BHA-PHA Game Changer Anti-imperfections Face Serum 30ml,"

    Clinea AHA-BHA-PHA Game Changer Anti-imperfections Αντιγηραντικό Serum Προσώπου με AHA & Κολλαγόνο για Σύσφιξη & Ατέλειες 30ml

  ","Ένας ανάλαφρος ορός νυκτός που απομακρύνει τα νεκρά κύτταρα, εξυγιαίνει τους πόρους και προσφέρει πιο λεία και καθαρή όψη στην επιδερμίδα.","
          Περιοχή Χρήσης
          Πρόσωπο
        ","
          Δράση
          Αντιγήρανση, Ατέλειες, Σύσφιξη
        ","
          Δραστικό Συστατικό
          Κολλαγόνο, AHA
        ","
          Τύπος Επιδερμίδας
          Όλοι οι Τύποι
        ","
          Αμπούλες
          Όχι
        ","
          Booster
          Όχι","
          Δερμοκαλλυντικό
          Ναι","
          Όγκος
          30 ml
        ","
          Vegan
          Ναι","
          Cruelty-free
          Ναι
        ",https://c.scdn.gr/images/sku_main_images/058537/58537384/xlarge_20250131094322_clinea_aha_bha_pha_game_changer_anti_imperfections_antigirantiko_serum_prosopou_me_kollagono_gia_sysfixi_ateleies_30ml.jpeg
Vichy Liftactiv Supreme Face Serum 20ml,"

    Vichy Liftactiv Supreme Αντιγηραντικό Serum Προσώπου με Βιταμίνη C & Βιταμίνη E για Αποτοξίνωση & Λάμψη 20ml

  ","Αντιοξειδωτικό σύμπλοκο για πιο φωτεινή επιδερμίδα που συνδυάζει 15% Καθαρής Βιταμίνης C, Βιταμίνη E, Πολυφαινόλες Πεύκου και Καθαρό Υαλουρονικό Οξύ που διορθώνει και προλαμβάνει το οξειδωτικό στρες, τη θαμπάδα, και τη γήρανση της επιδερμίδας & Δώρο Νεσεσέρ.","
          Περιοχή Χρήσης
          Πρόσωπο
        ","
          Δράση
          Αντιγήρανση, Λάμψη, Σύσφιξη, Αποτοξίνωση, Λείανση, Lifting
        ","
          Δραστικό Συστατικό
          Υαλουρονικό Οξύ, Βιταμίνη C, Βιταμίνη E
        ","
          Τύπος Επιδερμίδας
          Όλοι οι Τύποι
        ","
          Αμπούλες
          Όχι
        ","
          Booster
          Όχι","
          Δερμοκαλλυντικό
          Ναι","
          Όγκος
          20 ml
        ","
          Vegan
          Όχι","
          Cruelty-free
          Όχι
        ",https://c.scdn.gr/images/sku_main_images/040884/40884695/xlarge_20260313115031_vichy_liftactiv_supreme_antigirantiko_serum_prosopou_me_vitamini_c_vitamini_e_gia_apotoxinosi_lampsi_20ml.jpeg
The Ordinary Hyaluronic Acid 2% + B5 Face Serum,"

    The Ordinary Hyaluronic Acid 2% + B5 Ενυδατικό & Αντιγηραντικό Serum Προσώπου με Υαλουρονικό Οξύ & Βιταμίνη B5 για Σύσφιξη 30ml

  ","Ελαφρύς ορός προσώπου βασισμένος στο νερό και στο υαλουρονικό οξύ, παρέχει ισχυρή ενυδάτωση με βιταμίνη Β5 και πανθενόλη, κατάλληλο για όλους τους τύπους επιδερμίδας.","
          Περιοχή Χρήσης
          Πρόσωπο
        ","
          Δράση
          Αντιγήρανση, Ενυδάτωση, Σύσφιξη
        ","
          Δραστικό Συστατικό
          Υαλουρονικό Οξύ, Βιταμίνη B5
        ","
          Τύπος Επιδερμίδας
          Όλοι οι Τύποι
        ","
          Αμπούλες
          Όχι
        ","
          Booster
          Όχι","
          Δερμοκαλλυντικό
          Όχι","
          Όγκος
          30 ml
        ","
          Vegan
          Ναι","
          Cruelty-free
          Ναι
        ",https://c.scdn.gr/images/sku_main_images/035145/35145128/xlarge_20220401152152_the_ordinary_hyaluronic_acid_2_b5_serum_prosopou_me_yalouroniko_oxy_30ml.jpeg
Mey Vitamin E Drops Face Serum 15ml,"

    Mey Vitamin E Drops Serum Προσώπου με Βιταμίνη E για Αποτοξίνωση & Σύσφιξη 15ml

  ","Συμπυκνωμένες σταγόνες Βιταμίνης Ε με αμυντική, επανορθωτική και προστατευτική δράση. Η Βιταμίνη Ε διαθέτει αντιοξειδωτικές ιδιότητες προάγοντας την καταπολέμηση των ελεύθερων ριζών. Παρέχει αμυντική δράση κατά των φλεγμονωδών διεργασιών.","
          Περιοχή Χρήσης
          Πρόσωπο
        ","
          Δράση
          Αποτοξίνωση, Σύσφιξη
        ","
          Δραστικό Συστατικό
          Βιταμίνη E
        ","
          Τύπος Επιδερμίδας
          Ευαίσθητη
        ","
          Αμπούλες
          Όχι
        ","
          Booster
          Όχι","
          Δερμοκαλλυντικό
          Ναι","
          Όγκος
          15 ml
        ","
          Vegan
          Όχι","
          Cruelty-free
          Όχι
        ",https://d.scdn.gr/images/sku_main_images/062658/62658699/xlarge_20250829122102_mey_vitamin_e_drops_serum_prosopou_me_vitamini_e_gia_apotoxinosi_sysfixi_15ml.jpeg
Maria Peteki Balm Oil Face Serum,"

    Maria Peteki Balm Oil Καταπραϋντικό & Ενυδατικό Serum Προσώπου με Βιταμίνη E & Υαλουρονικό Οξύ για Αποτοξίνωση & Λάμψη

  ","Το βάλσαμο προσώπου είναι ένα premium προϊόν που παρέχει θρέψη, ανάπλαση και αναδόμηση στο πρόσωπο, λαιμό και περιοχή των μαύρων κύκλων. Βασισμένο στο ρυζέλαιο, βοηθάει στην ενυδάτωση της επιδερμίδας και προάγει τη μικροκυκλοφορία.","
          Περιοχή Χρήσης
          Πρόσωπο
        ","
          Δράση
          Αποτοξίνωση, Ενυδάτωση, Θρέψη, Καταπράυνση, Λάμψη, Μαύροι Κύκλοι
        ","
          Δραστικό Συστατικό
          Βιταμίνη E, Κολλαγόνο, Υαλουρονικό Οξύ
        ","
          Τύπος Επιδερμίδας
          Όλοι οι Τύποι
        ","
          Αμπούλες
          Όχι
        ","
          Booster
          Όχι","
          Δερμοκαλλυντικό
          Όχι","
          Τεμάχια
          1 τμχ
        ","
          Vegan
          Ναι","
          Cruelty-free
          Ναι
        ",https://b.scdn.gr/images/sku_main_images/065803/65803509/xlarge_20260303155412_maria_peteki_balm_oil_kataprayntiko_enydatiko_serum_prosopou_me_vitamini_e_yalouroniko_oxy_gia_apotoxinosi_lampsi.jpeg
Medik8 C-Tetra Serum,"

    Medik8 C-Tetra Αντιγηραντικό Serum Προσώπου με Βιταμίνη C & Βιταμίνη E για Αποτοξίνωση & Λάμψη 30ml

  ",,"
          Περιοχή Χρήσης
          Πρόσωπο
        ","
          Δράση
          Αποτοξίνωση, Λάμψη, Αντιγήρανση, Θρέψη
        ","
          Δραστικό Συστατικό
          Βιταμίνη C, Βιταμίνη E
        ","
          Τύπος Επιδερμίδας
          Ευαίσθητη
        ","
          Αμπούλες
          Όχι
        ","
          Booster
          Όχι","
          Δερμοκαλλυντικό
          Όχι","
          Όγκος
          30 ml
        ","
          Vegan
          Όχι","
          Cruelty-free
          Όχι
        ",https://d.scdn.gr/images/sku_main_images/022722/22722996/xlarge_20240115094409_medik8_c_tetra_serum_prosopou_me_vitamini_c_gia_antigiransi_30ml.jpeg
Purito Centella Unscented Face Serum,"

    Purito Centella Unscented Καταπραϋντικό Serum Προσώπου με Centella Asiatica & Νιασιναμίδη για Θρέψη 60ml

  ","Το Purito Centella Unscented Serum περιέχει 40% εκχύλισμα centella asiatica που βοηθάει στην καταπράυνση του ερεθισμένου δέρματος και την αποκατάσταση του κατεστραμμένου φίλτρου προστασίας του. Επιπλέον, η νιασιναμίδη βοηθά αποτελεσματικά στην ανάπλαση του δέρματος και στην ανακούφιση του δέρματος με σημάδια.","
          Περιοχή Χρήσης
          Πρόσωπο
        ","
          Δράση
          Θρέψη, Καταπράυνση
        ","
          Δραστικό Συστατικό
          Νιασιναμίδη, Πεπτίδια, Centella Asiatica
        ","
          Τύπος Επιδερμίδας
          Ευαίσθητη
        ","
          Αμπούλες
          Όχι
        ","
          Booster
          Όχι","
          Δερμοκαλλυντικό
          Όχι","
          Όγκος
          60 ml
        ","
          Vegan
          Ναι","
          Cruelty-free
          Ναι
        ",https://b.scdn.gr/images/sku_main_images/028113/28113170/xlarge_20250520160602_purito_centella_antigirantiko_serum_prosopou_me_niasinamidi_peptidia_60ml.jpeg
I'm From Rice Face Serum 30ml,"

    I'm From Rice Serum Προσώπου με Centella Asiatica & Νιασιναμίδη για Λάμψη 30ml

  ","I’m from Rice Serum είναι ένας ενυδατικός ορός προσώπου που προσφέρει θρέψη και λάμψη. Περιέχει 73% εκχύλισμα ζύμωσης φύτρων ρυζιού, το οποίο διατηρεί περισσότερα από 65% της θρεπτικής αξίας σε έναν μόνο κόκκο ρυζιού.","
          Περιοχή Χρήσης
          Πρόσωπο
        ","
          Δράση
          Λάμψη
        ","
          Δραστικό Συστατικό
          Υαλουρονικό Οξύ, Νιασιναμίδη, Centella Asiatica
        ","
          Τύπος Επιδερμίδας
          Μικτή, Λιπαρή, Ξηρή, Ευαίσθητη
        ","
          Αμπούλες
          Όχι
        ","
          Booster
          Όχι","
          Δερμοκαλλυντικό
          Όχι","
          Όγκος
          30 ml
        ","
          Vegan
          Ναι","
          Cruelty-free
          Ναι
        ",https://a.scdn.gr/images/sku_main_images/040626/40626432/xlarge_20230209161831_i_m_from_rice_enydatiko_serum_prosopou_me_yalouroniko_oxy_30ml.jpeg
I'm From Mugwort Essence Mini Face Essence 30ml,"

    I'm From Mugwort Essence Mini Καταπραϋντικό Essence Προσώπου για Αποτοξίνωση & Ακμή 30ml

  ","Το I'm From Mugwort Essence είναι διαμορφωμένο με 100% εκχύλισμα mugwort που καλλιεργείται στη Νότια Κορέα. Αυτή η αναζωογονητική φόρμουλα προσκολλάται και απορροφάται από το δέρμα, με αποτέλεσμα να το καταπραΰνει και να επαναφορτίζει την υγρασία από το εσωτερικό.","
          Περιοχή Χρήσης
          Πρόσωπο
        ","
          Δράση
          Ακμή, Αποτοξίνωση, Καταπράυνση
        ","
          Τύπος Επιδερμίδας
          Όλοι οι Τύποι
        ","
          Αμπούλες
          Όχι
        ","
          Booster
          Όχι
            
  
  
    
  




              
  
    
        Booster
      
        
      
    

      
        
  
    Ορός με συμπυκνωμένη σύνθεση που στοχεύει στην ενίσχυση της λειτουργίας του επιδερμιδικού φραγμού, με ένα βασικό συστατικό σε υψηλή συγκέντρωση.
  

      



        ","
          Δερμοκαλλυντι",,"
          Όγκος
          30 ml
        ","
          Vegan
          Ναι","
          Cruelty-free
          Όχι
        ",https://b.scdn.gr/images/sku_main_images/034969/34969046/xlarge_20220328111329_essence_i_m_from_mugwort_essence_mini_30ml.jpeg
Sungboon Editor Silk Face Serum 35ml,"

    Sungboon Editor Silk Serum Προσώπου με Πεπτίδια για Lifting 35ml

  ",Silk Peptide Intensive Lifting Ampoule - Αμπούλα με 3-πλό σύστημα lifting,"
          Περιοχή Χρήσης
          Πρόσωπο
        ","
          Δράση
          Lifting
        ","
          Δραστικό Συστατικό
          Πεπτίδια
        ","
          Τύπος Επιδερμίδας
          Όλοι οι Τύποι, Ευαίσθητη
        ","
          Αμπούλες
          Ναι
        ","
          Booster
          Όχι","
          Δερμοκαλλυντικό
          Όχι","
          Όγκος
          35 ml
        ","
          Vegan
          Όχι","
          Cruelty-free
          Όχι
        ",https://a.scdn.gr/images/sku_main_images/061621/61621513/xlarge_20250711122859_sungboon_editor_silk_serum_prosopou_me_peptidia_gia_lifting_35ml.jpeg
Purito Centella Green Level Buffer Face Serum 60ml,"

    Purito Centella Green Level Buffer Αντιγηραντικό Serum Προσώπου με Centella Asiatica & Νιασιναμίδη 60ml

  ","Ορός λάμψης προσώπου με αντιγηραντική δράση της Purito, ενισχύει την αποκατάσταση του δερματικού φραγμού και μειώνει τη φλεγμονή. ","
          Περιοχή Χρήσης
          Πρόσωπο
        ","
          Δράση
          Αντιγήρανση
        ","
          Δραστικό Συστατικό
          Νιασιναμίδη, Πεπτίδια, Centella Asiatica
        ","
          Τύπος Επιδερμίδας
          Ευαίσθητη, Μικτή, Λιπαρή, Ξηρή
        ","
          Αμπούλες
          Όχι
        ","
          Booster
          Όχι","
          Δερμοκαλλυντικό
          Όχι","
          Όγκος
          60 ml
        ","
          Vegan
          Ναι","
          Cruelty-free
          Ναι
        ",https://a.scdn.gr/images/sku_main_images/030632/30632642/xlarge_20250620101957_purito_centella_green_level_buffer_antigirantiko_serum_prosopou_me_niasinamidi_peptidia_60ml.jpeg
Lierac Lift Integral Face Serum 30ml,"

    Lierac Lift Integral Ενυδατικό & Αντιγηραντικό Serum Προσώπου με Υαλουρονικό Οξύ για Lifting & Σύσφιξη 30ml

  ","Ο ορός Lift Integral ενισχύει τη δομή του δέρματος δρώντας στα κύρια στοιχεία του (κολλαγόνο, ελαστίνη, υαλουρονικό οξύ), αλλά και στις γλυκοπρωτεΐνες που τα συνδέουν. Η επιδερμίδα ανακτά τη σφριγηλότητα, την ελαστικότητα και τη δομή της, για ένα ολοκληρωμένο αποτέλεσμα lifting.","
          Περιοχή Χρήσης
          Πρόσωπο
        ","
          Δράση
          Αντιγήρανση, Σύσφιξη, Ενυδάτωση, Λείανση, Lifting
        ","
          Δραστικό Συστατικό
          Υαλουρονικό Οξύ
        ","
          Τύπος Επιδερμίδας
          Όλοι οι Τύποι
        ","
          Αμπούλες
          Όχι
        ","
          Booster
          Όχι","
          Δερμοκαλλυντικό
          Ναι","
          Όγκος
          30 ml
        ","
          Vegan
          Ναι","
          Cruelty-free
          Όχι
        ",https://d.scdn.gr/images/sku_main_images/038700/38700193/xlarge_20230928143442_lierac_lift_integral_serum_prosopou_gia_sysfixi_30ml.jpeg
Apivita Beevine Elixir Face Serum 30ml,"

    Apivita Beevine Elixir Ενυδατικό & Αντιγηραντικό Serum Προσώπου με Νιασιναμίδη & Κολλαγόνο για Λάμψη & Lifting 30ml

  ","Λεπτόρρευστο συμπυκνωμένο ελιξίριο για άμεσα πιο σφριγηλή, απαλή και ορατά πιο λαμπερή επιδερμίδα.","
          Περιοχή Χρήσης
          Πρόσωπο
        ","
          Δράση
          Αντιγήρανση, Σύσφιξη, Ενυδάτωση, Λάμψη, Lifting
        ","
          Δραστικό Συστατικό
          Κολλαγόνο, Νιασιναμίδη
        ","
          Αμπούλες
          Όχι
        ","
          Booster
          Όχι
            
  
  
    
  




              
  
    
        Booster
      
        
      
    

      
        
  
    Ορός με συμπυκνωμένη σύνθεση που στοχεύει στην ενίσχυση της λειτουργίας του επιδερμιδικού φραγμού, με ένα βασικό συστατικό σε υψηλή συγκέντρωση.
  

      



        ","
          Δερμοκαλλυντι",,"
          Όγκος
          30 ml
        ","
          Vegan
          Όχι","
          Cruelty-free
          Όχι
        ",https://b.scdn.gr/images/sku_main_images/045720/45720064/xlarge_20230911135116_apivita_elixir_serum_prosopou_gia_sysfixi_30ml.jpeg
Medi Peel Retinol Collagen Face Serum 50ml,"

    Medi Peel Retinol Collagen Αντιγηραντικό Serum Προσώπου με Ρετινόλη & Κολλαγόνο για Lifting & Σύσφιξη 50ml

  ","Αντιγηραντικό πρόσωπο serum σε μορφή αμπούλας της MediPeel με ρετινόλη και κολλαγόνο, σχεδιασμένο για να βελτιώνει την υφή, τη σφριγηλότητα και την ελαστικότητα της επιδερμίδας, ενώ παράλληλα μειώνει ορατά λεπτές γραμμές και ρυτίδες και ενισχύει τη νεανική λάμψη.","
          Περιοχή Χρήσης
          Πρόσωπο
        ","
          Δράση
          Αντιγήρανση, Σύσφιξη, Lifting
        ","
          Δραστικό Συστατικό
          Ρετινόλη, Κολλαγόνο
        ","
          Τύπος Επιδερμίδας
          Κανονική, Λιπαρή, Ξηρή, Ευαίσθητη
        ","
          Αμπούλες
          Όχι
        ","
          Booster
          Όχι","
          Δερμοκαλλυντικό
          Όχι","
          Όγκος
          50 ml
        ","
          Vegan
          Ναι","
          Cruelty-free
          Όχι
        ",https://d.scdn.gr/images/sku_main_images/050847/50847962/xlarge_20240228153710_medi_peel_serum_prosopou_me_retinoli_gia_sysfixi_50ml.jpeg
Eau Thermale Avène Dermabsolu Concentrated Face Serum 30ml,"

    Eau Thermale Avène Dermabsolu Concentrated Ενυδατικό & Αντιγηραντικό Serum Προσώπου με Bakuchiol & Υαλουρονικό Οξύ για Λάμψη & Σύσφιξη 30ml

  ",Avene Dermabsolu Συμπυκνωμένος Ορός Αναδόμησης,"
          Περιοχή Χρήσης
          Πρόσωπο
        ","
          Δράση
          Αντιγήρανση, Θρέψη, Αναζωογόνηση, Λάμψη, Ενυδάτωση, Σύσφιξη
        ","
          Δραστικό Συστατικό
          Υαλουρονικό Οξύ, Bakuchiol
        ","
          Αμπούλες
          Όχι
        ","
          Booster
          Όχι
            
  
  
    
  




              
  
    
        Booster
      
        
      
    

      
        
  
    Ορός με συμπυκνωμένη σύνθεση που στοχεύει στην ενίσχυση της λειτουργίας του επιδερμιδικού φραγμού, με ένα βασικό συστατικό σε υψηλή συγκέντρωση.
  

      



        ","
          Δερμοκαλλυντι",,"
          Όγκος
          30 ml
        ","
          Vegan
          Ναι","
          Cruelty-free
          Όχι
        ",https://c.scdn.gr/images/sku_main_images/056496/56496869/xlarge_20240927094511_avene_dermabsolu_concentrated_serum_prosopou_gia_sysfixi_30ml.jpeg
Axis-y Vegan Collagen Eye Serum 10ml,"

    Axis-y Vegan Collagen Eye Serum 10ml

  ",Axis-Y Ορός Ματιών Κολλαγόνου Vegan 10ml,"
          Περιοχή Χρήσης
          Μάτια
        ","
          Δράση
          Αντιγήρανση
        ","
          Δραστικό Συστατικό
          Κολλαγόνο, Νιασιναμίδη, Υαλουρονικό Οξύ, Πεπτίδια, Centella Asiatica
        ","
          Τύπος Επιδερμίδας
          Μικτή, Ξηρή, Λιπαρή
        ","
          Αμπούλες
          Όχι
        ","
          Booster
          Όχι","
          Δερμοκαλλυντικό
          Όχι","
          Όγκος
          10 ml
        ","
          Vegan
          Ναι","
          Cruelty-free
          Όχι
        ",https://d.scdn.gr/images/sku_main_images/055720/55720089/xlarge_20240903112004_axis_y_vegan_collagen_eye_serum_10ml.jpeg
Medicube Zero Pore 2.0 Face Serum 37ml,"

    Medicube Zero Pore 2.0 Ενυδατικό Serum Προσώπου για Σύσφιξη 37ml

  ","Ο ορός προσώπου Medicube Zero Pore 2.0 είναι ιδανικός για την καθημερινή φροντίδα της επιδερμίδας σου, ειδικά αν έχεις λιπαρή επιδερμίδα. Λειτουργεί αποτελεσματικά μετά τον καθαρισμό του προσώπου και προετοιμάζει το δέρμα για την εφαρμογή της κρέμας. Με τη μοναδική του σύνθεση, προσφέρει σε βάθος ενυδάτωση, συσφίγγιση και λείανση της επιδερμίδας.","
          Περιοχή Χρήσης
          Πρόσωπο
        ","
          Δράση
          Ενυδάτωση, Λείανση, Σύσφιξη
        ","
          Τύπος Επιδερμίδας
          Λιπαρή
        ","
          Αμπούλες
          Όχι
        ","
          Booster
          Όχι
            
  
  
    
  




              
  
    
        Booster
      
        
      
    

      
        
  
    Ορός με συμπυκνωμένη σύνθεση που στοχεύει στην ενίσχυση της λειτουργίας του επιδερμιδικού φραγμού, με ένα βασικό συστατικό σε υψηλή συγκέντρωση.
  

      



        ","
          Δερμοκαλλυντι",,"
          Όγκος
          37 ml
        ","
          Vegan
          Όχι","
          Cruelty-free
          Ναι
        ",https://d.scdn.gr/images/sku_main_images/061681/61681156/xlarge_20250715133958_medicube_zero_pore_2_0_enydatiko_serum_prosopou_gia_sysfixi_37ml.jpeg
Medicube One Day Exosome 2000ppm Face Serum 30ml,"

    Medicube One Day Exosome 2000ppm Αντιγηραντικό Serum Προσώπου με Νιασιναμίδη & AHA 30ml

  ","Ζήστε την απόλυτη μεσοθεραπεία της επιδερμίδας με το Medicube One Day Exosome Shot Pore Ampoule 2000! Βασιζόμενοι στις αρχές του microneedling, η Medicube δημιούργησε ένα booster σε μικροσκοπικό μέγεθος, σε σχήμα βελόνας, ώστε να στοχεύσει σε μια σειρά αναγκών της επιδερμίδας.","
          Περιοχή Χρήσης
          Πρόσωπο
        ","
          Δράση
          Αντιγήρανση
        ","
          Δραστικό Συστατικό
          Νιασιναμίδη, AHA, Εξωσώματα
        ","
          Τύπος Επιδερμίδας
          Ευαίσθητη
        ","
          Αμπούλες
          Όχι
        ","
          Booster
          Όχι","
          Δερμοκαλλυντικό
          Όχι","
          Όγκος
          30 ml
        ","
          Vegan
          Όχι","
          Cruelty-free
          Ναι
        ",https://d.scdn.gr/images/sku_main_images/056742/56742674/xlarge_20241009102823_medicube_one_day_exosome_2000ppm_antigirantiko_serum_prosopou_30ml.jpeg
Celimax The Real Noni Face Serum 30ml,"

    Celimax The Real Noni Καταπραϋντικό & Ενυδατικό Serum Προσώπου για Λάμψη 30ml

  ","Μια θρεπτική αμπούλα με βάση το εκχύλισμα φρούτων ινδικής μουριάς, πλούσια σε μέταλλα, βιταμίνες, πρωτεΐνες και ένζυμα.","
          Περιοχή Χρήσης
          Πρόσωπο
        ","
          Δράση
          Ενυδάτωση, Καταπράυνση, Λάμψη
        ","
          Τύπος Επιδερμίδας
          Όλοι οι Τύποι, Ακνεϊκή, Ευαίσθητη
        ","
          Αμπούλες
          Όχι
        ","
          Booster
          Όχι
            
  
  
    
  




              
  
    
        Booster
      
        
      
    

      
        
  
    Ορός με συμπυκνωμένη σύνθεση που στοχεύει στην ενίσχυση της λειτουργίας του επιδερμιδικού φραγμού, με ένα βασικό συστατικό σε υψηλή συγκέντρωση.
  

      



        ","
          Δερμοκαλλυντι",,"
          Όγκος
          30 ml
        ","
          Vegan
          Όχι","
          Cruelty-free
          Όχι
        ",https://c.scdn.gr/images/sku_main_images/058594/58594572/xlarge_20250204104316_celimax_the_real_noni_kataprayntiko_enydatiko_serum_prosopou_gia_lampsi_30ml.jpeg
Evdermia Silken Face Serum 50ml,"

    Evdermia Silken Ενυδατικό & Αντιγηραντικό Serum Προσώπου με Πεπτίδια & Υαλουρονικό Οξύ για Αποτοξίνωση & Σύσφιξη 50ml

  ","Καινοτόμο, αντιγηραντικό serum για το πρόσωπο, το λαιμό και το ντεκολτέ, με μοντέρνα ενεργά συστατικά.","
          Περιοχή Χρήσης
          Πρόσωπο
        ","
          Δράση
          Αντιγήρανση, Σύσφιξη, Ενυδάτωση, Θρέψη, Αναζωογόνηση, Λείανση, Αποτοξίνωση
        ","
          Δραστικό Συστατικό
          Υαλουρονικό Οξύ, Πεπτίδια
        ","
          Αμπούλες
          Όχι
        ","
          Booster
          Όχι
            
  
  
    
  




              
  
    
        Booster
      
        
      
    

      
        
  
    Ορός με συμπυκνωμένη σύνθεση που στοχεύει στην ενίσχυση της λειτουργίας του επιδερμιδικού φραγμού, με ένα βασικό συστατικό σε υψηλή συγκέντρωση.
  

      



        ","
          Δερμοκαλλυντι",,"
          Όγκος
          50 ml
        ","
          Vegan
          Όχι","
          Cruelty-free
          Όχι
        ",https://b.scdn.gr/images/sku_main_images/005723/5723958/xlarge_20230127120957_evdermia_silken_antigirantiko_serum_prosopou_me_kollagono_50ml.jpeg
Nuxe Nuxuriance Gold Face Serum 30ml,"

    Nuxe Nuxuriance Gold Αντιγηραντικό Serum Προσώπου για Λάμψη & Αναζωογόνηση 30ml

  ",,"
          Περιοχή Χρήσης
          Πρόσωπο
        ","
          Δράση
          Αντιγήρανση, Λάμψη, Θρέψη, Αναζωογόνηση, Ενδυνάμωση
        ","
          Τύπος Επιδερμίδας
          Ξηρή
        ","
          Αμπούλες
          Όχι
        ","
          Booster
          Όχι
            
  
  
    
  




              
  
    
        Booster
      
        
      
    

      
        
  
    Ορός με συμπυκνωμένη σύνθεση που στοχεύει στην ενίσχυση της λειτουργίας του επιδερμιδικού φραγμού, με ένα βασικό συστατικό σε υψηλή συγκέντρωση.
  

      



        ","
          Δερμοκαλλυντι",,"
          Όγκος
          30 ml
        ","
          Vegan
          Όχι","
          Cruelty-free
          Όχι
        ",https://b.scdn.gr/images/sku_main_images/019731/19731738/xlarge_20230509141316_nuxe_nuxuriance_gold_antigirantiko_serum_prosopou_30ml.jpeg
Medicube One Day Exosome Shot Face Serum 30ml,"

    Medicube One Day Exosome Shot Ενυδατικό Serum Προσώπου με AHA για Σύσφιξη 30ml

  ","One Day Exosome Shot 7500, 30ml.","
          Περιοχή Χρήσης
          Πρόσωπο
        ","
          Δράση
          Ενυδάτωση, Σύσφιξη
        ","
          Δραστικό Συστατικό
          AHA
        ","
          Τύπος Επιδερμίδας
          Μικτή, Λιπαρή
        ","
          Αμπούλες
          Όχι
        ","
          Booster
          Όχι","
          Δερμοκαλλυντικό
          Όχι","
          Όγκος
          30 ml
        ","
          Vegan
          Όχι","
          Cruelty-free
          Όχι
        ",https://b.scdn.gr/images/sku_main_images/057697/57697385/xlarge_20241129094155_medicube_one_day_exosome_shot_enydatiko_serum_prosopou_30ml.jpeg
Sensum Mare Algolight Face Serum 35ml,"

    Sensum Mare Algolight Αντιγηραντικό Serum Προσώπου για Σύσφιξη 35ml

  ","Algolight Advanced Anti Age Serum είναι ένα εξειδικευμένο serum κατά των ρυτίδων που απευθύνεται σε λιπαρές και μεικτές επιδερμίδες. Το προϊόν προσφέρει αναζωογονητική δράση, συμβάλλοντας στη βελτίωση της όψης του δέρματος.","
          Περιοχή Χρήσης
          Πρόσωπο
        ","
          Δράση
          Αντιγήρανση, Σύσφιξη
        ","
          Τύπος Επιδερμίδας
          Μικτή, Λιπαρή
        ","
          Αμπούλες
          Όχι
        ","
          Booster
          Όχι
            
  
  
    
  




              
  
    
        Booster
      
        
      
    

      
        
  
    Ορός με συμπυκνωμένη σύνθεση που στοχεύει στην ενίσχυση της λειτουργίας του επιδερμιδικού φραγμού, με ένα βασικό συστατικό σε υψηλή συγκέντρωση.
  

      



        ","
          Δερμοκαλλυντι",,"
          Όγκος
          35 ml
        ","
          Vegan
          Όχι","
          Cruelty-free
          Όχι
        ",https://d.scdn.gr/images/sku_main_images/062567/62567397/xlarge_20250825131632_sensum_mare_algolight_antigirantiko_serum_prosopou_gia_sysfixi_35ml.jpeg
Bioderma Hydrabio Face Serum 40ml,"

    Bioderma Hydrabio Ενυδατικό Serum Προσώπου με Υαλουρονικό Οξύ για Λάμψη 40ml

  ","Serum προσώπου που βοηθά στην ενυδάτωση και τη φυσική επαναφορά του δέρματος. Είναι κατάλληλο για όλους τους τύπους δέρματος, μόνο του ή συνδυασμένο με μια θεραπεία.","
          Περιοχή Χρήσης
          Πρόσωπο
        ","
          Δράση
          Ενυδάτωση, Λάμψη, Λείανση
        ","
          Δραστικό Συστατικό
          Υαλουρονικό Οξύ
        ","
          Τύπος Επιδερμίδας
          Ευαίσθητη, Αφυδατωμένη
        ","
          Αμπούλες
          Όχι
        ","
          Booster
          Όχι","
          Δερμοκαλλυντικό
          Ναι","
          Όγκος
          40 ml
        ","
          Vegan
          Όχι","
          Cruelty-free
          Όχι
        ",https://a.scdn.gr/images/sku_main_images/005256/5256687/xlarge_20240301132159_bioderma_hydrabio_enydatiko_serum_prosopou_40ml.jpeg
Frezyderm Face Tightener Face Serum 30ml,"

    Frezyderm Face Tightener Αντιγηραντικό Serum Προσώπου με Κολλαγόνο για Σύσφιξη 30ml

  ","Ορός σύσφιγξης, αναμόρφωσης και επαναπροσδιορισμού περιγράμματος με άμεσα και μακροπρόθεσμα συσφιγκτικά αποτελέσματα.","
          Περιοχή Χρήσης
          Πρόσωπο
        ","
          Δράση
          Αντιγήρανση, Σύσφιξη
        ","
          Δραστικό Συστατικό
          Κολλαγόνο
        ","
          Τύπος Επιδερμίδας
          Μικτή
        ","
          Αμπούλες
          Όχι
        ","
          Booster
          Όχι","
          Δερμοκαλλυντικό
          Ναι","
          Όγκος
          30 ml
        ","
          Vegan
          Όχι","
          Cruelty-free
          Όχι
        ",https://c.scdn.gr/images/sku_main_images/052205/52205824/xlarge_20240411133532_frezyderm_face_tightener_antigirantiko_serum_prosopou_me_kollagono_gia_sysfixi_30ml.jpeg
Medi Peel Bor-Tox Peptide Face Serum 30ml,"

    Medi Peel Bor-Tox Peptide Αντιγηραντικό Serum Προσώπου με Centella Asiatica & Νιασιναμίδη για Lifting 30ml

  ",Medi-Peel Peptide Tox Bor Ampoule,"
          Περιοχή Χρήσης
          Πρόσωπο
        ","
          Δράση
          Αντιγήρανση, Lifting
        ","
          Δραστικό Συστατικό
          Υαλουρονικό Οξύ, Πεπτίδια, Κολλαγόνο, Νιασιναμίδη, Βιταμίνη B5, Centella Asiatica
        ","
          Τύπος Επιδερμίδας
          Ξηρή
        ","
          Αμπούλες
          Όχι
        ","
          Booster
          Όχι","
          Δερμοκαλλυντικό
          Όχι","
          Όγκος
          30 ml
        ","
          Vegan
          Όχι","
          Cruelty-free
          Όχι
        ",https://d.scdn.gr/images/sku_main_images/032677/32677125/xlarge_20230717094809_medi_peel_bor_tox_peptide_serum_prosopou_30ml.jpeg
Theramid Copper Peptide Face Serum 30ml,"

    Theramid Copper Peptide Αντιγηραντικό Serum Προσώπου με Υαλουρονικό Οξύ 30ml

  ","Ο ορός με πεπτίδια χαλκού κατά της γήρανσης για το πρόσωπο από την Theramid διαθέτει υψηλή συγκέντρωση ενεργών συστατικών, εξασφαλίζοντας εξαιρετική αποτελεσματικότητα. Η φόρμουλά του αποκαθιστά τη νεανική εμφάνιση του δέρματος, ενισχύοντας τη σφριγηλότητα και την ελαστικότητα, προσδίδοντας μια υγιή λάμψη και λειαίνοντας τις ρυτίδες. Τα πεπτίδια του...","
          Περιοχή Χρήσης
          Πρόσωπο
        ","
          Δράση
          Αντιγήρανση
        ","
          Δραστικό Συστατικό
          Υαλουρονικό Οξύ
        ","
          Αμπούλες
          Όχι
        ","
          Booster
          Όχι
            
  
  
    
  




              
  
    
        Booster
      
        
      
    

      
        
  
    Ορός με συμπυκνωμένη σύνθεση που στοχεύει στην ενίσχυση της λειτουργίας του επιδερμιδικού φραγμού, με ένα βασικό συστατικό σε υψηλή συγκέντρωση.
  

      



        ","
          Δερμοκαλλυντι",,"
          Όγκος
          30 ml
        ","
          Vegan
          Ναι","
          Cruelty-free
          Όχι
        ",https://a.scdn.gr/images/sku_main_images/055054/55054890/xlarge_20240724115945_theramid_copper_peptide_antigirantiko_serum_prosopou_30ml.jpeg
Medi Peel Peptide 9 Volume Face Essence 100ml,"

    Medi Peel Peptide 9 Volume Αντιγηραντικό Essence Προσώπου με Νιασιναμίδη & Πεπτίδια 100ml

  ","Medi-peel Peptide 9 Volume All In One Essence Pro Essence με πεπτίδια για ελαστικό και σφριγηλό δέρμα, 100ml","
          Περιοχή Χρήσης
          Πρόσωπο
        ","
          Δράση
          Αντιγήρανση
        ","
          Δραστικό Συστατικό
          Υαλουρονικό Οξύ, Πεπτίδια, Κολλαγόνο, Νιασιναμίδη
        ","
          Τύπος Επιδερμίδας
          Ξηρή, Ευαίσθητη
        ","
          Αμπούλες
          Όχι
        ","
          Booster
          Όχι","
          Δερμοκαλλυντικό
          Όχι","
          Όγκος
          100 ml
        ","
          Vegan
          Όχι","
          Cruelty-free
          Όχι
        ",https://c.scdn.gr/images/sku_main_images/051835/51835655/xlarge_20240328164911_medi_peel_peptide_9_volume_antigirantiko_essence_prosopou_gia_sysfixi_100ml.jpeg
VT Cosmetics PDRN Face Serum 30ml,"

    VT Cosmetics PDRN Serum Προσώπου για Σύσφιξη 30ml

  ","Ο ορός προσώπου PDRN της VT Cosmetics είναι ιδανικός για τη φροντίδα της επιδερμίδας σας, εφαρμόζεται μετά τον καθαρισμό και προετοιμάζει την επιδερμίδα για την επόμενη φάση της περιποίησης. Με τη χρήση του, μπορείτε να περιμένετε μια άμεση αίσθηση σύσφιξης και ανανέωσης. Η φόρμουλά του περιέχει δραστικά συστατικά υψηλής συγκέντρωσης που προσφέρουν...","
          Περιοχή Χρήσης
          Πρόσωπο
        ","
          Δράση
          Σύσφιξη
        ","
          Τύπος Επιδερμίδας
          Ευαίσθητη
        ","
          Αμπούλες
          Ναι
        ","
          Booster
          Όχι
            
  
  
    
  




              
  
    
        Booster
      
        
      
    

      
        
  
    Ορός με συμπυκνωμένη σύνθεση που στοχεύει στην ενίσχυση της λειτουργίας του επιδερμιδικού φραγμού, με ένα βασικό συστατικό σε υψηλή συγκέντρωση.
  

      



        ","
          Δερμοκαλλυντι",,"
          Όγκος
          30 ml
        ","
          Vegan
          Όχι","
          Cruelty-free
          Όχι
        ",https://a.scdn.gr/images/sku_main_images/063175/63175443/xlarge_20250924112855_vt_cosmetics_pdrn_serum_prosopou_gia_sysfixi_30ml.jpeg
The Ordinary Argireline Solution 10% Face & Eye Serum 30ml,"

    The Ordinary Argireline Solution 10% Ενυδατικό Serum Προσώπου & Ματιών 30ml

  ","Το The Ordinary Argireline Solution 10% είναι ένα ελαφρύ serum με βάση το νερό που περιέχει 10% Argireline. Αυτό το διάλυμα στοχεύει στην εμφάνιση των δυναμικών γραμμών έκφρασης, ιδιαίτερα γύρω από την περιοχή των ματιών και στο μέτωπο, προσφέροντας μια πιο λεία όψη στην επιδερμίδα. Η σύνθεσή του είναι ενυδατική και κατάλληλη για καθημερινή χρήση.","
          Περιοχή Χρήσης
          Μάτια, Πρόσωπο
        ","
          Δράση
          Ενυδάτωση
        ","
          Αμπούλες
          Όχι
        ","
          Booster
          Όχι
            
  
  
    
  




              
  
    
        Booster
      
        
      
    

      
        
  
    Ορός με συμπυκνωμένη σύνθεση που στοχεύει στην ενίσχυση της λειτουργίας του επιδερμιδικού φραγμού, με ένα βασικό συστατικό σε υψηλή συγκέντρωση.
  

      



        ","
          Δερμοκαλλυντικό
          Όχι
            
  
  
    
  




              
  
    
        Δερμοκαλλυντικό
      
        
      
    

      
        
  
    Προϊόν περιποίησης με επιστημονικά αποδεδειγμένη δράση, σχεδιασμένο υπό δερματολογικό έλεγχο, για να βελτιώνει τόσο την υγεία όσο και την εμφάνιση.
  

      



        ",,,"
          Όγκος
          30 ml
        ","
          Vegan
          Όχι","
          Cruelty-free
          Όχι
        ",https://b.scdn.gr/images/sku_main_images/035437/35437798/xlarge_20220414131948_the_ordinary_argireline_solution_10_serum_prosopou_30ml.jpeg
Target Pharma Hydrovit 3D Superlifter Face Serum,"

    Target Pharma Hydrovit 3D Superlifter Ενυδατικό & Αντιγηραντικό Serum Προσώπου με Υαλουρονικό Οξύ για Σύσφιξη

  ","Ορός σε μονοδόσεις, με ενισχυμένη αντιγηραντική και αντιρυτιδική δράση, για το πρόσωπο, το λαιμό και το ντεκολτέ.","
          Περιοχή Χρήσης
          Πρόσωπο
        ","
          Δράση
          Αντιγήρανση, Σύσφιξη, Ενυδάτωση
        ","
          Δραστικό Συστατικό
          Υαλουρονικό Οξύ
        ","
          Αμπούλες
          Ναι
        ","
          Booster
          Όχι
            
  
  
    
  




              
  
    
        Booster
      
        
      
    

      
        
  
    Ορός με συμπυκνωμένη σύνθεση που στοχεύει στην ενίσχυση της λειτουργίας του επιδερμιδικού φραγμού, με ένα βασικό συστατικό σε υψηλή συγκέντρωση.
  

      



        ","
          Δερμοκαλλυντι",,"
          Βάρος
          -
        ","
          Vegan
          Όχι","
          Cruelty-free
          Όχι
        ",https://a.scdn.gr/images/sku_main_images/009471/9471363/xlarge_20230509135726_target_pharma_hydrovit_3d_superlifter_antigirantiko_serum_prosopou_me_yalouroniko_oxy_60tmch.jpeg
